product	version	status	source_kind	path	sha256	release_date	date_basis	alternates	lineage	notes
cyassl	0.2.0	release	server	cyassl-0.2.0.zip	cca30e15560ba589cb326a1d867dcfde70009affffeecac147b6c7bad758cc1e	2006-02-19	vendor README release-notes date	server:cyassl_0.2.0.zip=identical(sha256); wayback:wayback/files/20070214135722_cyassl-0.2.0.zip=identical(sha256)	snapshot cyassl-0.2.0 85faa773e1ad	
cyassl	0.3.0	release	server	cyassl-0.3.0.zip	8deb726e6a6a521846699c17fe32a09e54523bce6096fb25ec302abe18f97ed6	2006-02-26	vendor README release-notes date	wayback:wayback/files/20070214135758_cyassl-0.3.0.zip=identical(sha256)	snapshot cyassl-0.3.0 0aefdacc0bd8	
cyassl	0.4.0	release	server	cyassl-0.4.0.zip	c3ecdb2e05b7f1729a06486c8b83cdd0b3b6c4950206ae1c8bb8586c92584760	2006-03-15	vendor README release-notes date	wayback:wayback/files/20070214135010_cyassl-0.4.0.zip=identical(sha256)	snapshot cyassl-0.4.0 2b64068397c4	
cyassl	0.5.0	release	server	cyassl-0.5.0.zip	3287382539b7cfb2bca62c46f5454bbb6fadb9e2f1c933e94e6780f7c061b019	2006-03-27	vendor README release-notes date	wayback:wayback/files/20070214135829_cyassl-0.5.0.zip=identical(sha256)	snapshot cyassl-0.5.0 f58c182ed36e	
cyassl	0.6.2	release	server	cyassl-0.6.2.zip	2caba6f3dc516715df49240011b8ea71914886d5c1ab88c57d15a097de22b947	2006-10-29	vendor README release-notes date	wayback:wayback/files/20070214135835_cyassl-0.6.2.zip=identical(sha256)	snapshot cyassl-0.6.2 96213cd8a6ec	
cyassl	0.8.0	release	server	cyassl-0.8.0.zip	057a7826553f6f90189e944cc66befc0f88b5db0a51a114c1c8100fb6f2b64ab	2007-01-10	vendor README release-notes date	wayback:wayback/files/20070214135853_cyassl-0.8.0.zip=identical(sha256)	snapshot cyassl-0.8.0 e49568209495	
cyassl	0.8.5	release	server	cyassl-0.8.5.zip	3a7e679d2396a1e80bfdf8e594418578c9b7235e28aa6e221b7c5f8eae8d168d	2007-07-09	freecode/freshmeat announcement (UTC)	wayback:wayback/files/20160324095334_cyassl-0.8.5.zip=identical(sha256)	snapshot cyassl-0.8.5 26f326da3e1e	
cyassl	0.9.0	release	server	cyassl-0.9.0.zip	7bb7fe27ebc65056a1e0f37d8efbab077936c75e3e0576633c00005c0568f6de	2007-10-15	vendor README release-notes date	wayback:wayback/files/20160324134821_cyassl-0.9.0.zip=identical(sha256)	snapshot cyassl-0.9.0 b33b0339705e	
cyassl	0.9.6	release	server	cyassl-0.9.6.zip	999526098b1e44736d1ffb24ea43482e0a945f697a8bf4fb86a72ec773391bb4	2008-01-31	vendor README release-notes date	wayback:wayback/files/20160324095317_cyassl-0.9.6.zip=identical(sha256)	snapshot cyassl-0.9.6 2baaedee0833	
cyassl	0.9.8	release	server	cyassl-0.9.8.zip	d465f1afd7062fe4153feebf30a544ea69420eaa7171b6bd7ca1a7b664de56c4	2008-05-07	vendor README release-notes date	wayback:wayback/files/20160324095848_cyassl-0.9.8.zip=identical(sha256)	snapshot cyassl-0.9.8 c20f052c3a23	
cyassl	0.9.9	release	server	cyassl-0.9.9.zip	8005f3acb0f05d5446d41045abc4c1c3fc0f25bb23fc9cb0d04938be6f1caaff	2008-07-25	vendor README release-notes date	gaps:gaps/agent-distros/files/cyassl-0.9.9.zip=identical(sha256); wayback:wayback/files/20160324094808_cyassl-0.9.9.zip=identical(sha256)	snapshot cyassl-0.9.9 6b821776ed65	
cyassl	1.0.0rc1	release	server	cyassl-rc1-1.0.0.zip	a0d74a687428c3bb37f9232a7c3e2ed2c5b21bfa18578d694d655d30dc937672	2008-12-17	vendor README release-notes date		snapshot cyassl-1.0.0rc1 94e2c6f5244e	
cyassl	1.0.0rc2	release	server	cyassl-rc2-1.0.0.zip	46d6a3732c8b413de734060c14dd1ec8ff0992401b25cddac9b7e18de06aa39d	2009-01-21	vendor README release-notes date		snapshot cyassl-1.0.0rc2 750397c718c5	
cyassl	1.0.0rc3	release	server	cyassl-rc3-1.0.0.zip	903f964e1d5c1b699f8fb1a7a24efd3a794b77a9069587f2a072af0380ad6ffd	2009-02-25	vendor README release-notes date		snapshot cyassl-1.0.0rc3 0952ed99e353	
cyassl	1.0.2	release	server	cyassl-1.0.2.zip	12a8ffbe51c85254b1e0bd46cfe5c046632e95bf21f1c529e5cea5d9be06efc9	2009-04-03	vendor README release-notes date	gaps:gaps/agent-distros/files/cyassl-1.0.2.zip=identical(sha256); wayback:wayback/files/20160324095821_cyassl-1.0.2.zip=identical(sha256)	snapshot cyassl-1.0.2 f025bc24809b	
cyassl	1.0.3	release	server	cyassl-1.0.3.zip	75f2b983a7939c5bae000e089cdad06aff64c175474d89dd0caf1250291ff14c	2009-05-10	vendor README release-notes date	gaps:gaps/agent-distros/files/cyassl-1.0.3.zip=identical(sha256)	snapshot cyassl-1.0.3 ddc105708456	
cyassl	1.0.6	release	server	cyassl-1.0.6.zip	b88d69bab5541c1491dff208b3a6faa53adb42e039fa3c86e9643ee7413f7362	2009-08-03	vendor README release-notes date	gaps:gaps/agent-distros/files/cyassl-1.0.6.zip=identical(sha256)	snapshot cyassl-1.0.6 aa758c794212	
cyassl	1.1.0	release	server	cyassl-1.1.0.zip	8984e562f3610eedd65c1400ad4171fdb4b00a8ab160ba6fa8f8337307efc9a4	2009-09-02	vendor README release-notes date	gaps:gaps/agent-distros/files/cyassl-1.1.0.zip=identical(sha256)	snapshot cyassl-1.1.0 f160f6266500	
cyassl	1.2.0	release	server	cyassl-1.2.0.zip	19ab14a2f1a80962b99f947e735b7c2de45efb3364b337533a095b848a62316d	2009-11-02	vendor README release-notes date	gaps:gaps/files/cyassl-1.2.0.zip=identical(sha256)	snapshot cyassl-1.2.0 e265044f9d09	
cyassl	1.3.0	release	server	cyassl-1.3.0.zip	57945cc1605955fb67206a913501380fa1d14c6aadaddae96baed5a8dff9a0a1	2010-01-21	vendor README release-notes date	gaps:gaps/files/cyassl-1.3.0.zip=identical(sha256)	snapshot cyassl-1.3.0 8fc55f84e52c	
cyassl	1.4.0	release	server	cyassl-1.4.0.zip	2d6c591f5d2bf560697cf6a02042fedcba2274c3dd325b34f2f06c3318cce9d1	2010-02-18	vendor README release-notes date	gaps:gaps/agent-distros/files/cyassl-1.4.0.zip=identical(sha256)	snapshot cyassl-1.4.0 e421034c62d4	
cyassl	1.5.0	release	server	cyassl-1.5.0.zip	14a71e141b75de23ab9d8cb08973593f7a06071a8602323f087c9af1236cdb91	2010-05-11	vendor README release-notes date	gaps:gaps/files/cyassl-1.5.0.zip=identical(sha256)	snapshot cyassl-1.5.0 ed3c2b33ac36	
cyassl	1.5.4	release	server	cyassl-1.5.4.zip	2939e4450f8a1a0a38a0394e7748758224f192d9c354b24f5b57b70a31f45a1b	2010-07-07	vendor README release-notes date		snapshot cyassl-1.5.4 f3b75ad82b38	
cyassl	1.5.6	release	server	cyassl-1.5.6.zip	b6752a6883df4f6b4fdd6fcc20f5be58b57e4423252016e453fa40a49cdbd827	2010-07-28	vendor README release-notes date		snapshot cyassl-1.5.6 c6bf3238dd78	
cyassl	1.6.0	release	server	cyassl-1.6.0.zip	be8c8ecee415e90ca958672706ac9c5ece91d8f7c926c3d38cdae0ab2cb0fb2e	2010-08-27	vendor README release-notes date	gaps:gaps/files/cyassl-1.6.0.zip=identical(sha256)	snapshot cyassl-1.6.0 67c0959c6af7	
cyassl	1.6.5	release	server	cyassl-1.6.5.zip	3d97116d8dbb060b58c36986033a6250f30f2fdfca08c6d3417d3036993ec27d	2010-09-09	vendor README release-notes date	gaps:gaps/agent-distros/files/cyassl-1.6.5.zip=identical(sha256)	snapshot cyassl-1.6.5 1a497aac48c6	
cyassl	1.8.0	release	server	cyassl-1.8.0.zip	25675f5850377a2ee760e1e2e1566da0173b4a90b7076ccbbf55294195373510	2010-12-23	vendor README release-notes date		snapshot cyassl-1.8.0 5494f63a26c0	
cyassl	1.9.0	release	server	cyassl-1.9.0.zip	a3f1395eca2e274f9da62e00190103542fddcc5aa9d9deee6e4c90916f4b9f2e	2011-03-02	vendor README release-notes date		wolfssl-tag cyassl-1.9.0 -> v1.9.0 b74d0243c8c1 differ=1 archive_only=29	
cyassl	2.0.0rc1	release	server	cyassl-2.0.0rc1.zip	1db83b4fb78cdb095f7628d17aac3145fcf729bfaffa0a8088e41a8b6a8f3e19	2011-05-02	vendor README release-notes date		wolfssl-tag cyassl-2.0.0rc1 -> v2.0rc1 cfd1946bbfa9 differ=7 archive_only=15	
cyassl	2.0.0rc2	release	server	cyassl-2.0.0rc2.zip	72fc896de6fd78af9bad6b763cece38c3974093acf0b516f919ac90bd24981e4	2011-06-06	vendor README release-notes date		wolfssl-tag cyassl-2.0.0rc2 -> v2.0rc2 c32a85891704 differ=7 archive_only=15	
cyassl	2.0.0rc3	release	server	cyassl-2.0.0rc3.zip	9488d2737134ad19329711dc24f6f515ab5fcbdb5bfa782cf60b55975962a2db	2011-09-28	vendor README release-notes date		wolfssl-tag cyassl-2.0.0rc3 -> v2.0rc3 494d04898075 differ=7 archive_only=17	
cyassl	2.0.2	release	server	cyassl-2.0.2.zip	70d1b5cfff941c716187951bcdf5dfc587810e7cba43493ba52b381e1d3a909a	2011-12-05	vendor README release-notes date		wolfssl-tag cyassl-2.0.2 -> v2.0.2 775ca66edd09 differ=7 archive_only=17	
cyassl	2.0.6	release	server	cyassl-2.0.6.zip	6c9c13cfaa6cf44266b446b3b53527bdda1a0d3ff073aa2a4d3facce0ef3a002	2012-01-27	vendor README release-notes date		wolfssl-tag cyassl-2.0.6 -> v2.0.6 e98715ee11ce differ=7 archive_only=17	
cyassl	2.0.8	release	server	cyassl-2.0.8.zip	bcf26384f155c5fe2fdec82eea41894b7742fc39c651d6c52e80824f63a4a09b	2012-02-24	vendor README release-notes date		wolfssl-tag cyassl-2.0.8 -> v2.0.8 b307b8e8f61e differ=7 archive_only=17	
cyassl	2.2.0	release	server	cyassl-2.2.0.zip	b2416bf2ec1b7c774d3c89e27577a0534cfe83a50f33d4af759021268bf20bb8	2012-05-18	vendor README release-notes date		wolfssl-tag cyassl-2.2.0 -> v2.2.0 88b46d58d7a9 differ=7 archive_only=17	
cyassl	2.3.0	release	server	cyassl-2.3.0.zip	b597f1c55d3bc4556d9c37e98ca56da2a529e111164d97c650fb097ef0a0d461	2012-08-10	vendor README release-notes date		wolfssl-tag cyassl-2.3.0 -> v2.3.0 d5fdb74d9aeb differ=10 archive_only=17	
cyassl	2.3.1	release	server	cyassl-2.3.1.tar.gz	de4af05c1a1d8e23fee9d0bf5c454be45e267b85c468579dec677e2a2f185064	2012-08-23	newest file mtime in archive (lower bound, no external evidence)		not tagged: no matching wolfSSL tag (v2.3.1/v2.3.1)	
cyassl	2.4.0	release	server	cyassl-2.4.0.zip	5fcfccfac906d122e7d37b610d69a22e587e1a810670aa9eecc8f0cd02178d60	2012-10-10	vendor README release-notes date	server:cyassl-2.4.0.tar.gz=identical(content)	wolfssl-tag cyassl-2.4.0 -> v2.4.0 d99c5d8e0625 differ=12 archive_only=16	
cyassl	2.4.6	release	server	cyassl-2.4.6.zip	051caa5013cecafbec3780d2597374870e7e5a7bbeaeb502bc029d5774d6e508	2012-12-20	vendor README release-notes date	server:cyassl-2.4.6.tar.gz=identical(content)	wolfssl-tag cyassl-2.4.6 -> v2.4.6 76bbcbb7b201 differ=31 archive_only=16	
cyassl	2.5.0	release	server	cyassl-2.5.0.zip	3b4ecc75cdb001d5171b127c03fd3f458bc585bfa1c19505dcf36bc239c04c2e	2013-02-04	vendor README release-notes date	server:cyassl-2.5.0.tar.gz=identical(content)	wolfssl-tag cyassl-2.5.0 -> v2.5.0 24e22d4b6eaf differ=19 archive_only=16	
cyassl	2.6.0	release	server	cyassl-2.6.0.zip	87647ec18d1cea430b678272528494bd929b5b3b29ae7549af8065644103d602	2013-04-15	vendor README release-notes date		wolfssl-tag cyassl-2.6.0 -> v2.6.0 8eee0b1d4c5f differ=11 archive_only=18	
cyassl	2.7.0	release	server	cyassl-2.7.0.zip	16c82f8ec18f73222f2337492d86db31b03b1c712b9a6a56f2472bdb65d72521	2013-06-17	vendor README release-notes date	server:cyassl-2.7.0.tar.gz=identical(content)	wolfssl-tag cyassl-2.7.0 -> v2.7.0 85d25798a57d differ=37 archive_only=18	
cyassl	2.8.0	release	server	cyassl-2.8.0.zip	94dcac2dfa87b8474815241eee50f7192e7f315c8173ec209d2a3f752bba9a8d	2013-08-30	vendor README release-notes date	server:cyassl-2.8.0.tar.gz=identical(content)	wolfssl-tag cyassl-2.8.0 -> v2.8.0 f813182efd8a differ=10 archive_only=19	
cyassl	2.9.0	release	server	cyassl-2.9.0.zip	e0b9ea0a440d7a31bfe9ab7eea82bfb7ddeb32c5e840a4764e83318654ea69ed	2014-02-07	vendor README release-notes date	server:cyassl-2.9.0.tar.gz=identical(content)	wolfssl-tag cyassl-2.9.0 -> v2.9.0 f1c225065215 differ=12 archive_only=19	
cyassl	2.9.4	release	server	cyassl-2.9.4.zip	4c68a6157f3a197f6fbd07456506e0b4a65a38ec08441fb22265d188b69a49be	2014-04-09	vendor README release-notes date	server:cyassl-2.9.4.tar.gz=identical(content)	wolfssl-tag cyassl-2.9.4 -> v2.9.4 84c3beebb974 differ=20 archive_only=21	
cyassl	3.0.0	release	server	cyassl-3.0.0.zip	03825863aef91c5fccb68f1a23d1f2d404254f51fa5413b72fd4a022bece1eed	2014-04-29	vendor README release-notes date	server:cyassl-3.0.0.tar.gz=identical(content)	wolfssl-tag cyassl-3.0.0 -> v3.0.0 fb5200aa95a5 differ=19 archive_only=21	
cyassl	3.1.0	release	server	cyassl-3.1.0.zip	85a79009d2a7468910dfb1e4b975e0b00a42c695f4f1a2adc16d2507b5d0b03e	2014-07-14	vendor README release-notes date	server:cyassl-3.1.0.tar.gz=identical(content)	wolfssl-tag cyassl-3.1.0 -> v3.1.0 237bde79180d differ=23 archive_only=21	
cyassl	3.2.0	release	server	cyassl-3.2.0.zip	e6c026f4fa8acb156f768f82251052dd1c8c7ee35ef907707ddaf84e15b38b31	2014-09-10	newest file mtime in archive (lower bound, no external evidence)	server:cyassl-3.2.0.tar.gz=identical(content)	wolfssl-tag cyassl-3.2.0 -> v3.2.0 7ea5d6c5090c differ=28 archive_only=21	
cyassl	3.3.0	release	server	cyassl-3.3.0.zip	e51583ea1e4d64537553922d67a96360312811dffef58d4c05506aa98a296fe3	2014-12-05	newest file mtime in archive (lower bound, no external evidence)	server:cyassl-3.3.0.tar.gz=identical(content)	wolfssl-tag cyassl-3.3.0 -> v3.3.0 1ada0dfa31aa differ=75 archive_only=21	
taocrypt	0.9.0	note-only	server	taocrypt-0.9.0.zip	e9a9b4af8f656bf59fdd129aeb60bdfcde3e62d77cee1c9f6321dade8efdfefa	2006-09-18	newest file mtime in archive (lower bound, no external evidence)			
taocrypt	0.9.2	note-only	server	taocrypt-0.9.2.zip	2607317fcfbdd669866c6112f77c7b3663457826f7e9be444e548aa53307e7da	2007-02-06	newest file mtime in archive (lower bound, no external evidence)			
taocrypt	0.9.6	note-only	server	taocrypt-0.9.6.zip	2cab0a9a23e48cf70e3e85eeaf95f930a0a0a89a54540543b02737ef3a782819	2008-09-16	newest file mtime in archive (lower bound, no external evidence)			
wolfssl	3.4.0	note-only	server	wolfssl-3.4.0.zip	bc49a142c17b1e52a126417e5d7cbadcb7f18f5c81e446c12e214483395159ea	2015-02-23	newest file mtime in archive (lower bound, no external evidence)	server:wolfssl-3.4.0.tar.gz=identical(content)		
wolfssl	3.4.6	note-only	server	wolfssl-3.4.6.zip	515e2b0f719bc9f9c66a20c22166b1395426cf230e3fce2ffb49c26aaf4c37f0	2015-03-30	newest file mtime in archive (lower bound, no external evidence)			
wolfssl	3.6.0	note-only	server	wolfssl-3.6.0.zip	ed57266884bc50ce8e5b54c1a9e1169206909d37bb1b232da5989253740814e6	2015-06-18	newest file mtime in archive (lower bound, no external evidence)			
wolfssl	3.6.6	note-only	server	wolfssl-3.6.6.zip	b0de74c81ce0b2f9167611c465d272d1378043bc8a345733c05867ed55303310	2015-08-21	newest file mtime in archive (lower bound, no external evidence)			
wolfssl	3.6.8	note-only	server	wolfssl-3.6.8.zip	05755ee7a916eda69656e543e99f2a3286811304db1118499a04f7b04aad7806	2015-09-16	newest file mtime in archive (lower bound, no external evidence)			
wolfssl	3.7.0	note-only	server	wolfssl-3.7.0.zip	15ab084e464eac242e6141720709d94973b3b43de0d271ed9bec8c062c453b5e	2015-10-28	newest file mtime in archive (lower bound, no external evidence)	server:wolfssl-3.7.0.tar.gz=identical(content)		
wolfssl	3.8.0	note-only	server	wolfssl-3.8.0.zip	36369304dd107b2ae1360c91f3d0eea491802dcacb2155562652bf5257117016	2015-12-30	newest file mtime in archive (lower bound, no external evidence)	server:wolfssl-3.8.0.tar.gz=identical(content)		
wolfssl	3.9.0	note-only	server	wolfssl-3.9.0.zip	98f50244f7b43f8683bd0cf5c599849d330e75e6cf077e96f14e83bda8b03ca3	2016-03-18	newest file mtime in archive (lower bound, no external evidence)	server:wolfssl-3.9.0.tar.gz=differs(6 files)		
wolfssl	3.9.6	note-only	server	wolfssl-3.9.6.zip	93caf4c164073cc22b66fcffba7340e9f45aa18b4adbf0b8e3919c55bfcb3a77	2016-06-15	newest file mtime in archive (lower bound, no external evidence)	server:wolfssl-3.9.6.tar.gz=differs(4 files)		
wolfssl	3.9.8	note-only	server	wolfssl-3.9.8.zip	7f784d3e181f7475f1153065146e3c10126987798c56213e98506b09f40ebdc5	2016-07-29	newest file mtime in archive (lower bound, no external evidence)	server:wolfssl-3.9.8.tar.gz=differs(4 files)		
wolfssl	3.9.10	note-only	server	wolfssl-3.9.10.zip	793921c0db96248be4a369cbfdf0cb7b37ee2be715b8b775b6cd32efe66f494e	2016-09-24	newest file mtime in archive (lower bound, no external evidence)	server:wolfssl-3.9.10.tar.gz=identical(content)		
yassl	0.2.0	release	server	yassl-0.2.0.tar.gz	d109242238f7f8e76c7944c9c05443fafc8aaaa407a494155e6d3de62ddee0f5	2004-06-28	freecode/freshmeat announcement (UTC)		snapshot yassl-0.2.0 5bfc0c1cf8f9	archive has no single top-level folder; tree used as-is
yassl	0.2.5	release	server	yassl-0.2.5.tar.gz	3809876c347772f1a4c33c4a9c0d6d15f7e17d5b341bad9bccf0fc34d7cb3e2a	2004-07-27	freecode/freshmeat announcement (UTC)		snapshot yassl-0.2.5 f5c82fd4776a	archive has no single top-level folder; tree used as-is
yassl	0.2.9	release	server	yassl-0.2.9.tar.gz	ab88375f23173554619385a10546234ea624e623d6fbb39e3ed96f70e3e0b2f2	2004-08-18	freecode/freshmeat announcement (UTC)		snapshot yassl-0.2.9 4f6778006b52	archive has no single top-level folder; tree used as-is
yassl	0.3.0	release	server	yassl-0.3.0.tar.gz	781f3390d3595b9290b6bef8e4b6d99dbe92de12e1c7d2b9dd705c342041b5ae	2004-08-23	freecode/freshmeat announcement (UTC)		snapshot yassl-0.3.0 56b8f4faaf7f	archive has no single top-level folder; tree used as-is
yassl	0.3.5	release	server	yassl-0.3.5.tar.gz	46480409fc74f6ad14433c8937bcdee0959be77a8655af35e44f6b26e913b6ff	2004-09-13	freecode/freshmeat announcement (UTC)		snapshot yassl-0.3.5 9ebc8064dd54	archive has no single top-level folder; tree used as-is
yassl	0.4.0	release	server	yassl-0.4.0.tar.gz	02a33c05007f1b015eb7256bbbe86bab705748eeaa3b333f2aa8a84a31238a8a	2004-10-04	freecode/freshmeat announcement (UTC)		snapshot yassl-0.4.0 e1bbe6b0d278	archive has no single top-level folder; tree used as-is
yassl	0.5.0	release	server	yassl-0.5.0.tar.gz	0c5ab25da8c559af86194cdeae185a018677ce80b84b586bf0770c157d35e485	2004-11-08	freecode/freshmeat announcement (UTC)		snapshot yassl-0.5.0 a0b07cf66983	archive has no single top-level folder; tree used as-is
yassl	0.6.0	release	server	yassl-0.6.0.tar.gz	d380b32052f28b2aa4cc5a7045628c2e57f0c677a7a686587366db11abdc30bb	2004-11-15	freecode/freshmeat announcement (UTC)		snapshot yassl-0.6.0 99eb815d0e97	archive has no single top-level folder; tree used as-is
yassl	0.7.0	release	server	yassl-0.7.0.tar.gz	ca58e3ed14ea282e583e23e11ed9cef9939d4bd0dc50e0ca2db45eb1e5ed987a	2004-12-02	freecode/freshmeat announcement (UTC)		snapshot yassl-0.7.0 fad0747ec1aa	archive has no single top-level folder; tree used as-is
yassl	0.8.0	release	server	yassl-0.8.0.tar.gz	daee9cd9705a528e0ebe6d9e73f33be3efca559df8f99e7fc2cb36435e7fa971	2004-12-23	freecode/freshmeat announcement (UTC)		snapshot yassl-0.8.0 b7968fb4a78a	
yassl	0.8.5	release	server	yassl-0.8.5.tar.gz	6088f980958beb4d7aa23ef0e4905048e08613a5bf901c278482c072cecbed8c	2004-12-28	freecode/freshmeat announcement (UTC)		snapshot yassl-0.8.5 b7185607351e	
yassl	0.9.0	release	server	yassl-0.9.0.tar.gz	483987d1ee8ce1b43cbcf674cb1e7937dd994a77d0a26b5cca3f8c13d81c11ac	2005-01-12	freecode/freshmeat announcement (UTC)		snapshot yassl-0.9.0 6ceb1a061568	
yassl	0.9.2	release	server	yassl-0.9.2.tar.gz	1a546af6ea123ef82fab11a907be4815c14e4280b261b223b2a9825a8ab3618a	2005-01-24	freecode/freshmeat announcement (UTC)	gaps:gaps/agent-vendors/dl/yassl-0.9.2.tar.gz=identical(sha256)	snapshot yassl-0.9.2 4c94bed9e652	
yassl	0.9.5	release	server	yassl-0.9.5.tar.gz	5501472b1c6027861ba8a56b0e7ed1d0cc13cc281b0f8679918175ae3a410fbd	2005-02-07	freecode/freshmeat announcement (UTC)		snapshot yassl-0.9.5 22a4f37caec0	
yassl	0.9.6	release	server	yassl-0.9.6.tar.gz	52ffcd8d92b20ee13713ea72907026bd72ff6aa2151313db6f404058541e3ad7	2005-02-28	freecode/freshmeat announcement (UTC)		snapshot yassl-0.9.6 7682f84af77a	
yassl	0.9.7	release	mysql	mysql/final/snapshots/yassl-0.9.7__mysql-c1fd1d6a5b.tar.gz	a668220d6615736de597e226f60272e973f22697013c669bd83749cd2a674d79	2005-04-28	upper bound: MySQL import commit c1fd1d6a5b		snapshot yassl-0.9.7 a912a2ebdcf3	MySQL-imported tree (may carry MySQL-local patches/layout); mysql readme=0.9.6; macro=-; taocrypt=-; canonical_commits=10; import_commits=c1fd1d6a5b; merges_bringing_version=0; version from commit subject + ancestry; README stale
yassl	0.9.8	release	server	yassl-0.9.8.zip	ae79d7d528c193dac0bd778fd5bf1eac717379cf2f35a555b934d35f68742ed4	2005-04-06	freecode/freshmeat announcement (UTC)	server:yassl-0.9.8.tar.gz=differs(159 files)	snapshot yassl-0.9.8 d19a94ebd161	archive has no single top-level folder; tree used as-is
yassl	0.9.9	release	server	yassl-0.9.9.zip	dfc0f14e4aff2ce64937857bfcbad353248c2385d6b3d988be57ce2c9e2f8569	2005-05-02	freecode/freshmeat announcement (UTC)	server:yassl-0.9.9.tar.gz=differs(144 files); mysql:mysql/final/snapshots/yassl-0.9.9__mysql-1dabee5aad.tar.gz=differs(170 files)	snapshot yassl-0.9.9 778ae33ab5a7	archive has no single top-level folder; tree used as-is
yassl	1.0	release	server	yassl-1.0.zip	375a03e3119ad036ad504090eabb7de43a6941ee64dfe0067758bbf45d79b232	2005-05-30	freecode/freshmeat announcement (UTC)	server:yassl-1.0.tar.gz=differs(143 files)	snapshot yassl-1.0 414e7562966a	archive has no single top-level folder; tree used as-is
yassl	1.0.1	release	server	yassl-1.0.1.zip	6ecf6b1f67ad099b7e56d4356e9780c3573800e47e7c8581f6853ee62c549975	2005-06-13	freecode/freshmeat announcement (UTC)	server:yassl-1.0.1.tar.gz=differs(144 files)	snapshot yassl-1.0.1 ce3ccce47725	archive has no single top-level folder; tree used as-is
yassl	1.0.2	release	server	yassl-1.0.2.zip	e0ca6052b779f56498c4817560fc32fa90e9d5c99d1a6c82de9521efa21d54ed	2005-07-25	freecode/freshmeat announcement (UTC)	server:yassl-1.0.2.tar.gz=differs(142 files)	snapshot yassl-1.0.2 d9cca5309219	archive has no single top-level folder; tree used as-is
yassl	1.0.3	release	server	yassl-1.0.3.zip	d606706fc50a8eb67bf7b2a46ea2e07d5b1f9436bf0817243bcc630899b00885	2005-09-26	freecode/freshmeat announcement (UTC)		snapshot yassl-1.0.3 088cf91774ed	
yassl	1.0.4	release	server	yassl-1.0.4.zip	d851eb2682862fa082ce012003fd9ee6246758bec65d317f5ccd931101f52f29	2005-10-03	freecode/freshmeat announcement (UTC)		snapshot yassl-1.0.4 b6c0de113d97	
yassl	1.0.5	release	server	yassl-1.0.5.zip	ef0e414c61d19c5f658ddc560365bd626e15e411de6f14e2a1dfc19e66f93b1b	2005-10-31	freecode/freshmeat announcement (UTC)		snapshot yassl-1.0.5 eae67623fe27	
yassl	1.0.6	release	server	yassl-1.0.6.zip	cd3aa8a54186298f28e7aafa936f87eceeaf07e81b6bca3ee8854cc23e2836ce	2005-11-14	freecode/freshmeat announcement (UTC)		snapshot yassl-1.0.6 63534152f010	
yassl	1.1.1	release	server	yassl-1.1.1.zip	70d4f1337fccb62fee0b01b6b462a87d19c929f958a5779d491268077ebdd281	2005-11-30	freecode/freshmeat announcement (UTC)		snapshot yassl-1.1.1 5dc520cfd54f	
yassl	1.1.5	release	server	yassl-1.1.5.zip	16b989c1f9d97f3f31d639d61251af7f0532cdf8ecc2bd67cf746331afc7f19e	2006-01-09	freecode/freshmeat announcement (UTC)		snapshot yassl-1.1.5 4dcebc25b6d4	
yassl	1.2.0	release	server	yassl-1.2.0.zip	fd27ba758f79fbf808a80ef7d1898c4f83b61b8698c6440400630cbb673129b1	2006-02-21	freecode/freshmeat announcement (UTC)	server:yassl_1.2.0.zip=identical(sha256)	snapshot yassl-1.2.0 16652ef8169f	
yassl	1.2.2	release	server	yassl-1.2.2.zip	76410f823cae1dd5e65abb1dcd2ea54224e2d4e2afea93adb1f4011f6fdc5933	2006-03-27	vendor README release-notes date	mysql:mysql/final/snapshots/yassl-1.2.2__mysql-e8723ca453.tar.gz=differs(200 files)	snapshot yassl-1.2.2 5abb4f01eb7a	
yassl	1.3.0	release	server	yassl-1.3.0.zip	50ac99c94fe3e91d7d5ab83b6933e86ca2689198ba8d2d2e77ae876f846e0500	2006-04-26	vendor README release-notes date	mysql:mysql/final/snapshots/yassl-1.3.0__mysql-e2854b8a7f.tar.gz=differs(210 files)	snapshot yassl-1.3.0 057158f5eb29	
yassl	1.3.5	release	server	yassl-1.3.5.zip	7b57970bd0b0771d0e63c7290519a643bb320c6f2963b3f70feaa5b8422344e0	2006-06-01	vendor README release-notes date	mysql:mysql/final/snapshots/yassl-1.3.5__mysql-5ae586d946.tar.gz=differs(212 files)	snapshot yassl-1.3.5 af72310ed6d5	
yassl	1.3.7	release	server	yassl-1.3.7.zip	8c12714d0ad86f1c6e51c9ce6954bce436e08f019551d868da6f5932a8bb422a	2006-06-26	vendor README release-notes date	mysql:mysql/final/snapshots/yassl-1.3.7__mysql-011f57e0ec.tar.gz=differs(215 files)	snapshot yassl-1.3.7 e4e3bdca644f	
yassl	1.4.0	release	server	yassl-1.4.0.zip	b89bbe472eda507c3962d67ab0b8953aad7cb3f467724f13cffda30a1c2fcd2b	2006-08-13	vendor README release-notes date		snapshot yassl-1.4.0 db676d1b1a04	
yassl	1.4.2	release	mysql	mysql/final/snapshots/yassl-1.4.2__mysql-64a64d0fbf.tar.gz	73ddc90dc3b4040e59b78176370dc163b306bd01dc6f27dd48b5c7e195fa3044	2006-09-25	upper bound: MySQL import commit 64a64d0fbf		snapshot yassl-1.4.2 89e762228fb0	MySQL-imported tree (may carry MySQL-local patches/layout); mysql readme=1.4.0; macro=1.4.2; taocrypt=0.9.0; canonical_commits=4; import_commits=64a64d0fbf; merges_bringing_version=2; README/macro disagree
yassl	1.4.3	release	mysql	mysql/final/snapshots/yassl-1.4.3__mysql-e4676ef60a.tar.gz	7e913d85883de92846cc9d86b8121a3f81b5bd71c9a9425f615e59da4a6f4cb6	2006-09-27	upper bound: MySQL import commit e4676ef60a		snapshot yassl-1.4.3 4a876db2374c	MySQL-imported tree (may carry MySQL-local patches/layout); mysql readme=1.4.0; macro=1.4.3; taocrypt=0.9.0; canonical_commits=34; import_commits=e4676ef60a; merges_bringing_version=2; README/macro disagree
yassl	1.4.5	release	server	yassl-1.4.5.zip	4ef31f7555dd01df6eb4c310eec8b253456b3b9ff5150d45ad9aec7bcbf42a48	2006-10-15	vendor README release-notes date		snapshot yassl-1.4.5 d773f25ad4b2	
yassl	1.5.0	release	server	yassl-1.5.0.zip	6e5c5ef1e6ad35a9dc413965996ffbc4363a0a670cfc7d0b3b9cdee31b000f18	2006-11-09	vendor README release-notes date	mysql:mysql/final/snapshots/yassl-1.5.0__mysql-838d1d53b4.tar.gz=differs(239 files)	snapshot yassl-1.5.0 07277e9767df	
yassl	1.5.8	release	server	yassl-1.5.8.zip	b7b208e670c42cdb6e2499714a01a1f37effa90bd8762f153ce468e58ab290b2	2007-01-10	vendor README release-notes date	mysql:mysql/final/snapshots/yassl-1.5.8__mysql-1ebe4850d6.tar.gz=differs(239 files)	snapshot yassl-1.5.8 6925cf982c4e	
yassl	1.6.0	release	server	yassl-1.6.0.zip	bdd16d9fcc0864e8dd69ff469afad31dd918cbcdddd003c949a44162ea71af6b	2007-02-22	vendor README release-notes date		snapshot yassl-1.6.0 7cf24556a961	
yassl	1.6.5	release	mysql	mysql/final/snapshots/yassl-1.6.5__mysql-7216b67a8c.tar.gz	6bfcc8807aee98908be0067a432b8b7c1b91401b37eea9593e363627d821e6a7	2007-03-23	upper bound: MySQL import commit 7216b67a8c		snapshot yassl-1.6.5 5fa811d2354c	MySQL-imported tree (may carry MySQL-local patches/layout); mysql readme=1.6.0; macro=1.6.5; taocrypt=0.9.2; canonical_commits=27; import_commits=7216b67a8c; merges_bringing_version=3; README/macro disagree
yassl	1.6.8	release	server	yassl-1.6.8.zip	80f23e8f01eaaef85d188e99b198643efaca6ff61cc515dd26a93c76c13796a4	2007-04-16	vendor README release-notes date		snapshot yassl-1.6.8 39e32c49748c	
yassl	1.7.2	release	server	yassl-1.7.2.zip	d68c8dc222c9fa7740fbbf3a6ab659bab12a013edd8fd793c97cb21e6de54103	2007-08-20	vendor README release-notes date	mysql:mysql/final/snapshots/yassl-1.7.2__mysql-394d9a0e55.tar.gz=differs(240 files)	snapshot yassl-1.7.2 3cfce774f592	
yassl	1.7.5	release	server	yassl-1.7.5.zip	a8a03e0f1c120e0c111b742e66d7f2e87fa22036df1cddcd7143844f9a2c5021	2007-10-15	vendor README release-notes date		snapshot yassl-1.7.5 621cca97e485	
yassl	1.8.0	release	server	yassl-1.8.0.zip	679479764cfa405ee6b5cca18e03c87b0adde5b8c4a61c094ec2f9ffb5ed411d	2007-12-23	upper bound: SourceForge CVS commit date (SWH log): 2dd6eaaf2d7e release 1.8.0 (CONFLICT: freecode/freshmeat announcement (UTC) says 2008-01-23)		snapshot yassl-1.8.0 0a5d67c279ea	DAMAGED: unrecoverable entry configure (CRC fails at every offset), omitted
yassl	1.8.6	release	server	yassl-1.8.6.zip	6586cdd39e394e02f9b4d326750de0d3588c897dcd09998b07afbb33b1bfd467	2008-01-31	vendor README release-notes date	gaps:gaps/agent-vendors/dl/yassl-1.8.6.zip=identical(sha256)	snapshot yassl-1.8.6 a1ffa98e85a5	
yassl	1.8.8	release	server	yassl-1.8.8.zip	68b33c3f0a8a69ca8e80fed9e4d8ef3a03635b4bb30119e37d7556ff13059a63	2008-05-07	vendor README release-notes date	gaps:gaps/agent-vendors/dl/yassl-1.8.8.zip=identical(sha256)	snapshot yassl-1.8.8 a27a5ec9bb6e	
yassl	1.9.2	release	server	yassl-1.9.2.zip	3052da801f5762969ed26cf19606cb5cbdc900e626627f6f697f7d29b92fca6a	2008-09-24	vendor README release-notes date	gaps:gaps/agent-vendors/dl/yassl-1.9.2.zip=identical(sha256)	snapshot yassl-1.9.2 23b9a3ca592d	
yassl	1.9.6	release	server	yassl-1.9.6.zip	5b17edb60990f04c45208f01451e54c008aa38197919b62015f0745232391052	2008-11-13	vendor README release-notes date	gaps:gaps/agent-vendors/dl/yassl-1.9.6.zip=identical(sha256)	snapshot yassl-1.9.6 9e9719f5813d	
yassl	1.9.8	release	server	yassl-1.9.8.zip	386fad329ebbe6ac7a8dbfb0d0185963d9a7a8018ebd13e7fa92f8d960122e29	2009-10-14	vendor README release-notes date	gaps:gaps/agent-vendors/dl/yassl-1.9.8.zip=differs(8 files)	snapshot yassl-1.9.8 850b61de8973	
yassl	1.9.9	release	server	yassl-1.9.9.zip	e34639af5c32cdd0fed27e1d491754d22373053fdd2169e594ef42996d2f6888	2010-01-26	vendor README release-notes date		snapshot yassl-1.9.9 66879ba8defb	
yassl	2.0.0	release	server	yassl-2.0.0.zip	5c3b3145adaf076c90d87941797572999bc1def9edb5b132b397745e32cd1c74	2010-07-06	vendor README release-notes date		snapshot yassl-2.0.0 b78e0ab637eb	
yassl	2.1.4	release	mysql	mysql/final/snapshots/yassl-2.1.4__mysql-724af49cf0.tar.gz	9c29be302109542bfdceb01337765a1dcae77678f46e3f80b01eaf1423936b53	2012-02-10	upper bound: MySQL import commit 724af49cf0		snapshot yassl-2.1.4 fffeac7cdd91	MySQL-imported tree (may carry MySQL-local patches/layout); mysql readme=2.1.2; macro=2.1.4; taocrypt=0.9.2; canonical_commits=9; import_commits=724af49cf0,c8ca79ccc5; merges_bringing_version=4; README/macro disagree
yassl	2.2.0	release	mysql	mysql/final/snapshots/yassl-2.2.0__mysql-01dca16d61.tar.gz	31e26e4fcfa7e8ae22deff408515ebc783dd97101d42b9a970fb1e91bb740e70	2012-03-16	upper bound: SourceForge CVS commit date (SWH log): 89b254bbaa1b 2.2.0 release, fix malicious certificate parsing		snapshot yassl-2.2.0 0275b2a801d4	MySQL-imported tree (may carry MySQL-local patches/layout); mysql readme=2.1.2; macro=2.2.0; taocrypt=0.9.2; canonical_commits=15; import_commits=01dca16d61; merges_bringing_version=5; README/macro disagree
yassl	2.2.2	release	server	yassl-2.2.2.zip	fd7e820bb282774e1f44a3bc46593d33d76e2f28910c8fbd88cd52d3b50beeff	2012-07-05	vendor README release-notes date	mysql:mysql/final/snapshots/yassl-2.2.2__mysql-d259fae7e4.tar.gz=differs(256 files)	snapshot yassl-2.2.2 3ace4a737ba7	
yassl	2.2.2d	release	server	yassl-2.2.2d.zip	acbb54afa0ae3b2dd734d25cdc2404a95ff36c2e4dc26c08b6b06b53230296ec	2013-02-05	vendor README release-notes date		snapshot yassl-2.2.2d bf7334436509	
yassl	2.2.3	release	server	yassl-2.2.3.zip	abe69da1a81f253b8512831ccdca8fedf6a5486b29f52637a6bcb7e1a790460d	2013-04-23	vendor README release-notes date		snapshot yassl-2.2.3 fb8adaf75ffd	
yassl	2.2.3b	release	mysql	mysql/final/snapshots/yassl-2.2.3b__mysql-14be195187.tar.gz	035d18ed3086dee18762118d92a7c87f09b5439e0fb352692873af8fb3367aa2	2014-01-08	upper bound: MySQL import commit 14be195187		snapshot yassl-2.2.3b 8e7d9f0710da	MySQL-imported tree (may carry MySQL-local patches/layout); mysql readme=2.2.3b; macro=2.2.3b; taocrypt=0.9.2; canonical_commits=6; import_commits=14be195187,e8b17e31ed; merges_bringing_version=3
yassl	2.3.0	release	mysql	mysql/final/snapshots/yassl-2.3.0__mysql-1747a45647.tar.gz	d5ee5450f80e324652b577e622883d14bb93b01258f4ed57ebee7a3f67c6dad5	2013-12-05	vendor README release-notes date		snapshot yassl-2.3.0 c035cbb39098	MySQL-imported tree (may carry MySQL-local patches/layout); mysql readme=2.3.0; macro=2.3.0; taocrypt=0.9.2; canonical_commits=33; import_commits=1747a45647,e86000730d,6681df445a; merges_bringing_version=5
yassl	2.3.2	release	server	yassl-2.3.2.zip	7ebe633e03ace2f53d2e6755b73ce0f809829e2d887452aeeb444104be980695	2014-07-25	vendor README release-notes date	server:yassl-2.3.2.tar.gz=differs(4 files)	snapshot yassl-2.3.2 d34906f8c73b	
yassl	2.3.4	release	server	yassl-2.3.4.zip	0fa9f74420d8626bc31c14e1900ffd413d8a0465b77ab909dfab1fd46034f12f	2014-08-15	vendor README release-notes date	mysql:mysql/final/snapshots/yassl-2.3.4__mysql-6b1d25a3b3.tar.gz=differs(267 files)	snapshot yassl-2.3.4 1d1038a09e1b	
yassl	2.3.5	release	server	yassl-2.3.5.zip	eeb016691915fa1aa8a5eef9f5bc891b29d9a848dc12f7342a4a3792bb7dfc04	2014-09-29	vendor README release-notes date	mysql:mysql/final/snapshots/yassl-2.3.5__mysql-d6d45fa3d8.tar.gz=differs(267 files)	snapshot yassl-2.3.5 ab745c55cec0	
yassl	2.3.6	release	server	yassl-2.3.6.zip	a34df855d3168567540ec8e98eecad575ebbace8952601de87e116815ed9bac8	2014-11-25	vendor README release-notes date		snapshot yassl-2.3.6 581bf8c562ca	
yassl	2.3.7	release	server	yassl-2.3.7.zip	8d4ec1aa2a50fe95aac136914c1252130b52b62cf070c1f3b01447263b86c28c	2014-12-10	vendor README release-notes date	mysql:mysql/final/snapshots/yassl-2.3.7__mysql-3ce85548bd.tar.gz=differs(268 files)	snapshot yassl-2.3.7 75c20cd3474e	
yassl	2.3.7b	release	mysql	mysql/final/snapshots/yassl-2.3.7b__mysql-ad33da5bc9.tar.gz	9ee3561a13f003acf683a0e717d355d5210a80497284b0c1e1a82703f0adac85	2015-03-18	vendor README release-notes date		snapshot yassl-2.3.7b 14b7049f58c3	MySQL-imported tree (may carry MySQL-local patches/layout); mysql readme=2.3.7b; macro=2.3.7b; taocrypt=0.9.2; canonical_commits=15; import_commits=ad33da5bc9,c9685a78c3; merges_bringing_version=4
yassl	2.3.7c	release	mysql	mysql/final/snapshots/yassl-2.3.7c__mysql-e7ff2040d7.tar.gz	2592f649c71d2f017baf1cdc67271f959cbc4d159e97ea870b70194b3e5ec53f	2015-06-12	vendor README release-notes date		snapshot yassl-2.3.7c 146a00feb482	MySQL-imported tree (may carry MySQL-local patches/layout); mysql readme=2.3.7c; macro=2.3.7c; taocrypt=0.9.2; canonical_commits=4; import_commits=e7ff2040d7; merges_bringing_version=3
yassl	2.3.7d	release	mysql	mysql/final/snapshots/yassl-2.3.7d__mysql-7255ae6ceb.tar.gz	a978987caa6e5c048f66f5a8814f865195d07d45e37934db95302e514929e8bf	2015-06-22	vendor README release-notes date		snapshot yassl-2.3.7d 7bd3360103c1	MySQL-imported tree (may carry MySQL-local patches/layout); mysql readme=2.3.7d; macro=2.3.7d; taocrypt=0.9.2; canonical_commits=7; import_commits=7255ae6ceb; merges_bringing_version=3
yassl	2.3.7e	release	mysql	mysql/final/snapshots/yassl-2.3.7e__mysql-0632dae73f.tar.gz	d83313da8dec350cc6c0ac0bd4bb3e4bbb91ddd38c227a3b7b9e5d7f30ad7963	2015-06-26	vendor README release-notes date		snapshot yassl-2.3.7e e424d565229d	MySQL-imported tree (may carry MySQL-local patches/layout); mysql readme=2.3.7e; macro=2.3.7e; taocrypt=0.9.2; canonical_commits=7; import_commits=0632dae73f,0243a2d432,d454abec59,88ef4ec5c9; merges_bringing_version=3
yassl	2.3.8	release	server	yassl-2.3.8.zip	158f09bac62bf8aedd6a948796cca3ca0016322fa687de0b1d0ec7250f69451e	2015-09-17	vendor README release-notes date	mysql:mysql/final/snapshots/yassl-2.3.8__mysql-259cf3dc60.tar.gz=differs(258 files)	snapshot yassl-2.3.8 6969a1235d72	
yassl	2.3.9	release	server	yassl-2.3.9.zip	5f369514ec5b8ff34ef4ca688451b3cc39245340decda9dbf95ceb63a843a3b8	2015-12-01	newest file mtime in archive (lower bound, no external evidence); MySQL import 2016-01-04 is an upper bound	mysql:mysql/final/snapshots/yassl-2.3.9__mysql-8c65e082f3.tar.gz=differs(258 files)	snapshot yassl-2.3.9 463f0a915221	
yassl	2.3.9b	release	server	yassl-2.3.9b.zip	1aff7c2e2128f6a74c52b04f928989c06aabf0b9b20bffbeb891fa2fe62c5235	2016-02-03	newest file mtime in archive (lower bound, no external evidence); MySQL import 2016-02-26 is an upper bound	mysql:mysql/final/snapshots/yassl-2.3.9b__mysql-e7061f7e5a.tar.gz=differs(258 files)	snapshot yassl-2.3.9b fe5f4130cafa	
yassl	2.4.0	release	server	yassl-2.4.0.zip	d79b6a9d19b4056b7bca299575226a8a331de2672a42ed38aa7053f58c5a1062	2016-05-20	newest file mtime in archive (lower bound, no external evidence); MySQL import 2016-08-29 is an upper bound	mysql:mysql/final/snapshots/yassl-2.4.0__mysql-7356fb7318.tar.gz=differs(260 files)	snapshot yassl-2.4.0 ae24144f6a38	
yassl	2.4.2	release	server	yassl-2.4.2.zip	afe7e19bdc1deb241b5228e25e2bf4c68674d63417c3f09758fa990598552227	2016-09-22	newest file mtime in archive (lower bound, no external evidence); MySQL import 2016-09-27 is an upper bound	mysql:mysql/final/snapshots/yassl-2.4.2__mysql-99c0fdb5a8.tar.gz=differs(259 files)	snapshot yassl-2.4.2 8c2d07902137	
yassl	2.4.4	release	server	yassl-2.4.4.zip	9d5d53db34e0b4da1b45819fed99c01eb6a893a829ef5a44ffadf1e5ef47a24c	2017-08-08	newest file mtime in archive (lower bound, no external evidence); MySQL import 2017-08-24 is an upper bound	mysql:mysql/final/snapshots/yassl-2.4.4__mysql-f2f6025a44.tar.gz=differs(260 files)	snapshot yassl-2.4.4 2da602922680	
yassl-update	0.0.2	partial-update	server	yassl-update-0.0.2.tar.gz	b94ecd334fc6fa6595179e7c32be9d01052fd98f3435efae70ff359020a5177f	2004-03-18	freecode/freshmeat announcement (UTC)			archive has no single top-level folder; tree used as-is
yassl-update	0.0.3	partial-update	server	yassl-update-0.0.3.tar.gz	a5eff03d7a7cb84afc6672dbac17ad25a508b094b82e71831c8586972f2da765	2004-03-29	freecode/freshmeat announcement (UTC)			archive has no single top-level folder; tree used as-is
yassl-update	0.2.0	partial-update	server	yassl-update-0.2.0.tar.gz	30367f4d7e7bb7640580504d2a86ed1502323ce301abd6a5fd37d185906c1e60	2004-06-28	freecode/freshmeat announcement (UTC)			archive has no single top-level folder; tree used as-is
yassl-update	0.2.9	partial-update	server	yassl-update-0.2.9.tar.gz	20cc306addbb714439555b9fc52294a2c140351db2cced699fe4cb8296d88093	2004-08-18	freecode/freshmeat announcement (UTC)			archive has no single top-level folder; tree used as-is
cyassl	0.5.1	missing	none			2006-04-05	upper bound: SourceForge CVS commit date (SWH log): 8ada9063ec91 cyassl 0.5.1 cvs import			no archive found in any input
cyassl	0.5.5	missing	none			2006-09-27	vendor README release-notes date			no archive found in any input
cyassl	0.6.0	missing	none			2006-10-25	vendor README release-notes date			no archive found in any input
cyassl	0.6.3	missing	none			2006-10-30	vendor README release-notes date			no archive found in any input
cyassl	0.9.9e	missing	none			2008-10-21	upper bound: SourceForge CVS commit date (SWH log): ccc77bdc1f77 0.9.9e			no archive found in any input
cyassl	3.0.2	missing	none			2014-05-30	vendor README release-notes date			no archive found in any input
yassl	0.0.1	missing	none			2004-02-20	freecode/freshmeat announcement (UTC)			no archive found in any input
yassl	0.0.2	missing	none			2004-03-18	freecode/freshmeat announcement (UTC)			no archive found in any input
yassl	0.0.3	missing	none			2004-03-29	freecode/freshmeat announcement (UTC)			no archive found in any input
yassl	0.1.0	missing	none			2004-05-10	freecode/freshmeat announcement (UTC)			no archive found in any input
yassl	2.1.2	missing	none			2011-09-02	vendor README release-notes date			no archive found in any input
yassl	2.2.1	missing	none			2012-03-16	upper bound: SourceForge CVS commit date (SWH log): db04a8bea24d 2.2.1 fix extension handling for cert names			no archive found in any input
-	-	skipped	server	altpkg/cyassl-2.2.0.tar.xz	82a9fa15a7e737f4947ba559c2e5c3bce5a8da9eee66c68cf4cef18d8b3cec6a					altpkg: repackaged .tar.xz duplicates of releases
-	-	skipped	server	altpkg/cyassl-2.3.0.tar.xz	2ec976b0b1068096f0506844cabf72bfcc98ad2196be6bf14601942d1a6581e9					altpkg: repackaged .tar.xz duplicates of releases
-	-	skipped	server	altpkg/cyassl-2.4.0.tar.xz	14f7cacabb1211b9fc6f225b0f1309089fd22fd74a61cf3b018671605fe4fe15					altpkg: repackaged .tar.xz duplicates of releases
-	-	skipped	server	altpkg/cyassl-2.5.0.tar.xz	c90909c324620c96dcb242d4e3ba6f8452d8674c25944849599127699c386b6c					altpkg: repackaged .tar.xz duplicates of releases
-	-	skipped	server	altpkg/cyassl-2.7.0.tar.xz	2a2c7dc1bcad44fcaed8763b79473c2434435aca09837187369b2db66a77c497					altpkg: repackaged .tar.xz duplicates of releases
-	-	skipped	server	altpkg/cyassl-2.8.0.tar.xz	6558a3a4466f34a7823ef269ce661832128c0878d919343ac1dc5f910e73015e					altpkg: repackaged .tar.xz duplicates of releases
-	-	skipped	server	altpkg/cyassl-2.9.0.tar.xz	16e65afb2b51deadf88cac082ba52abf9e926810f087a4e040d0fe0705678d49					altpkg: repackaged .tar.xz duplicates of releases
-	-	skipped	server	altpkg/cyassl-2.9.4.tar.xz	dbda007a95c43dc616bf1bdae38c3f1c6052b7ca025edac8b073813f6028bd9b					altpkg: repackaged .tar.xz duplicates of releases
-	-	skipped	server	altpkg/cyassl-3.1.0.tar.xz	dfdb972c6f1d7b83fe62b4c19c0d3cb70098759b262b569a432ce1d8e5036a5a					altpkg: repackaged .tar.xz duplicates of releases
-	-	skipped	server	altpkg/cyassl-3.2.0.tar.xz	f3f91078f56b8eaae7e99b73848d9f0418b37457c62096ea787c4f15a7d3f06d					altpkg: repackaged .tar.xz duplicates of releases
-	-	skipped	server	altpkg/cyassl-3.3.0.tar.xz	bf54c0b847bbb1e18857abf1cd2ef17234a11490ee8e3d5325199803e3206276					altpkg: repackaged .tar.xz duplicates of releases
-	-	skipped	server	altpkg/wolfssl-3.4.6.tar.xz	46a0425c026672240845ec777cfde061c6be1831fee928eb31819d2ddb94bb1d					altpkg: repackaged .tar.xz duplicates of releases
-	-	skipped	server	altpkg/wolfssl-3.6.6.tar.xz	2a257a5b45abc134fca79d5bf8173f7ca6095d27ecdce3077d776793480518cf					altpkg: repackaged .tar.xz duplicates of releases
-	-	skipped	server	altpkg/wolfssl-3.6.8.tar.xz	498660b96209f7d3058cbbc1b4a20ef7dadc450bf6539584efd7c2d477ef12a8					altpkg: repackaged .tar.xz duplicates of releases
-	-	skipped	server	cyassl-provider-0.1.zip	c5f190ce254d6d4cc7ee726e87487111efdfb7cff2e234d8b1008bf889dd43f0					cyassl-provider: JCE provider product, separate line
-	-	skipped	server	cyassl-provider-android-0.1a.zip	6b49834b0a65f596b549c0991ec6d1f697ed207eb042680d055559cb79c05210					cyassl-provider: JCE provider product, separate line
-	-	skipped	server	cyassl-threadx.zip	1d0167c83ea56b3987a18e9def0522e556948b75be025378b715ccbf95ca7794					cyassl-threadx: unversioned port bundle
-	-	skipped	server	files/cyassl-utility-0.1.zip	f3a0dc62300605dc5df79727cb7bf75ab5143d1f8f5458e10a9f46a7cd899d8a					files/: ports, partner material, press kit, utilities; not a release tree
-	-	skipped	server	files/mentor/wolfssl-3.9.10-pkcs7.zip	943785b99c9607d3cf2c4329efec882c20e458517b5008212a88db64324d2571					files/: ports, partner material, press kit, utilities; not a release tree
-	-	skipped	server	files/partners/brad_cyassl_material.zip	f7f7fe5f319d1d4d8b7b77d272ce56112ca752241781dc8000fec647a85ea60a					files/: ports, partner material, press kit, utilities; not a release tree
-	-	skipped	server	files/ports/PIC32_cyassl_example.zip	fea595872491cbb63db8e5b3be98d4bbd548429a0ef33b6157d879a67d99d752					files/: ports, partner material, press kit, utilities; not a release tree
-	-	skipped	server	files/ports/STM32F217_CYASSL_5.10.13.zip	f4768799de64d3d33fffd5243b09bb507e3579e07a38606b18b4cd3ec0e7d630					files/: ports, partner material, press kit, utilities; not a release tree
-	-	skipped	server	files/ports/STM32F217_CYASSL_6.20.14.zip	5a60c0f3987d5f0e74f7a31c1709dd706b9423b391f3e623edd456f8a097bea5					files/: ports, partner material, press kit, utilities; not a release tree
-	-	skipped	server	files/ports/STM32F217_ETH_CYASSL.zip	8f7c049ae133379a50624c99aa58c6a76bb0e3f0bff79d5089aa7e1550bae692					files/: ports, partner material, press kit, utilities; not a release tree
-	-	skipped	server	files/scripts/cyassl-android.zip	82e46525b308891bb21a2fde6436cf52301c02cd91c503c4434504bd3463f18a					files/: ports, partner material, press kit, utilities; not a release tree
-	-	skipped	server	files/yassl_press_kit.zip	c15e8eb4199f30f8616b623e54745656c06aeaa84712363e87b9c81e78d462f5					files/: ports, partner material, press kit, utilities; not a release tree
-	-	skipped	server	yasslEWS-0.2.zip	689a65c38096d458552f1551602e54c82d2750787760b1a2c0c0ba5ffac1a53e					yasslEWS: embedded web server product, separate line
-	-	skipped	server	yasslEWS-1.0.zip	aaf09ec58e21089dc7651865f536c28635e934528078c1bd6b32fbfd68e46dd6					yasslEWS: embedded web server product, separate line
-	-	skipped	server	yasslEWS-linux-0.1.zip	41aa56eaac44c2b6aef2fd5fe36de121ccdff0f8c961fc99cd6ceeb50089bc6d					yasslEWS: embedded web server product, separate line
-	-	skipped	server	yasslEWS-mac-0.1.zip	2f05e9bfee2e5b0d29b7c039fb4a3620fa7c47b3e02d17e54728769fee10afb8					yasslEWS: embedded web server product, separate line
